NUTS_ID;Regione;Incidenti Stradali;Degenza Ospedaliera;Livello di Istruzione;Occupazione Regionale;Ore Lavorative per Regione;Popolazione Regionale;Reddito;Veicoli Immatricolati
AT11;Burgenland;688;8;13,2;11,1;36,8;294.436,00;8.948,33;226.234,00
AT12;Niederösterreich;5.863,00;9;12,9;85,6;37,2;1.684.287,00;59.608,74;1.242.579,00
AT13;Wien;4.250,00;9,9;16,7;82,3;36,5;1.911.191,00;96.063,91;800.728,00
AT21;Kärnten;2.516,00;9;10;26,4;37,3;561.293,00;20.850,47;407.069,00
AT22;Steiermark;4.526,00;9,4;14,1;62,9;36,5;1.246.395,00;48.867,62;863.170,00
AT31;Oberösterreich;5.438,00;7,1;14,1;85,6;36,1;1.490.279,00;65.738,08;1.068.534,00
AT32;Salzburg;2.312,00;7,6;12;31,3;36,6;558.410,00;28.614,38;360.960,00
AT33;Tirol;3.321,00;6,7;15,8;43;36,2;757.634,00;33.742,04;474.941,00
AT34;Vorarlberg;1.756,00;6,8;17,8;26,2;36,1;397.139,00;18.313,38;242.755,00
BE10;Région0,0de0,0Bruxelles-Capitale/Brussels0,0Hoofdstedelijk0,0Gewest;3.217,00;7,1;26,9;19,7;37,1;1.223.364,00;83.651,67;582.586,00
BE21;Prov.0,0Antwerpen;5.334,00;6,1;20,7;62,5;36,8;1.873.095,00;89.778,66;1.102.614,00
BE22;Prov.0,0Limburg0,0(BE);2.348,00;5,6;19,6;26,9;37,1;880.602,00;28.556,45;578.434,00
BE23;Prov.0,0Oost-Vlaanderen;4.845,00;5,9;16,5;50,9;37,8;1.526.486,00;55.881,55;884.821,00
BE24;Prov.0,0Vlaams-Brabant;2.488,00;6;12,2;29,3;38,2;1.156.470,00;48.775,74;888.618,00
BE25;Prov.0,0West-Vlaanderen;3.638,00;6,5;18,5;39,9;39;1.202.352,00;46.939,20;774.178,00
BE31;Prov.0,0Brabant0,0wallon;815;6,3;11,4;9,7;37,8;406.794,00;21.699,05;245.926,00
BE32;Prov.0,0Hainaut;2.950,00;6,7;27,5;26,4;36,7;1.350.295,00;33.457,66;764.451,00
BE33;Prov.0,0Liège;2.683,00;6,7;22,4;25,4;36;1.113.943,00;31.258,08;633.110,00
BE34;Prov.0,0Luxembourg0,0(BE);734;6,2;19,5;9,4;36,7;289.606,00;7.096,45;179.493,00
BE35;Prov.0,0Namur;1.180,00;6,3;19,7;12,6;36,1;499.433,00;13.374,26;298.968,00
BG31;Severozapaden;752;5,7;20,3;6,6;40,2;704.576,00;4.210,22;331.515,00
BG32;Severen0,0tsentralen;798;5,8;16,6;9,6;40,1;714.075,00;4.607,21;365.282,00
BG33;Severoiztochen;848;5,6;21,4;13,4;40,3;835.432,00;6.218,44;421.314,00
BG34;Yugoiztochen;809;5,7;21,6;14,9;41;963.654,00;6.389,62;450.449,00
BG41;Yugozapaden;1.149,00;4,8;7,6;36,9;40,2;2.034.417,00;31.162,18;1.182.968,00
BG42;Yuzhen0,0tsentralen;1.354,00;4,8;22,5;18,6;41;1.317.121,00;9.020,07;634.412,00
CH01;Région0,0lémanique;3.013,00;9,1;15,2;84,7;35,5;1.654.751,00;119.446,39;955.841,00
CH02;Espace0,0Mittelland;3.838,00;7,9;11,2;122,4;34,8;1.886.584,00;128.814,77;1.161.505,00
CH03;Nordwestschweiz;1.831,00;9,2;9,4;72,2;34,7;1.171.157,00;95.380,61;690.919,00
CH04;Zürich;3.487,00;7,6;7,9;85,1;35,5;1.539.275,00;138.987,32;822.507,00
CH05;Ostschweiz;2.316,00;9;9,8;85,3;35,5;1.183.813,00;79.715,46;776.867,00
CH06;Zentralschweiz;1.818,00;7,8;8,6;60,8;35,2;818.962,00;61.254,65;541.898,00
CH07;Ticino;594;8,9;12,9;14,4;35,5;351.491,00;27.143,41;248.861,00
CZ01;Praha;1.497,00;9,7;2,3;25,7;40,2;1.324.277,00;58.851,00;1.090.801,00
CZ02;St?ední0,0?echy;2.375,00;12;4,9;31,6;40,9;1.385.141,00;24.554,70;908.885,00
CZ03;Jihozápad;2.833,00;11,7;6,2;28,5;40;1.233.982,00;21.087,81;840.469,00
CZ04;Severozápad;1.924,00;10,1;13;31,7;40,8;1.115.629,00;15.252,17;674.384,00
CZ05;Severovýchod;3.013,00;10,7;5,8;35,5;40,2;1.517.999,00;25.435,67;948.415,00
CZ06;Jihovýchod;2.971,00;10,4;4,8;35,5;40,3;1.701.802,00;32.092,18;1.036.039,00
CZ07;St?ední0,0Morava;2.084,00;10,5;5,9;27,6;40,2;1.214.570,00;19.970,82;686.633,00
CZ08;Moravskoslezsko;1.722,00;10,8;6,3;26,2;39,2;1.200.539,00;18.561,03;644.269,00
DE30;Berlin;13.148,00;7,7;12,9;144,4;35,7;3.669.491,00;156.488,92;1.361.022,00
DE40;Brandenburg;8.184,00;10,1;8;98,4;36,7;2.521.893,00;75.689,90;1.629.922,00
DE50;Bremen;2.628,00;7,8;20;32,1;34,1;681.202,00;32.165,11;321.581,00
DE60;Hamburg;6.600,00;8,1;15,6;85,7;35,3;1.847.253,00;119.905,72;883.686,00
DE80;Mecklenburg-Vorpommern;4.758,00;10,4;8,2;67,2;37,3;1.608.138,00;46.879,86;982.126,00
DEB3;Rheinland-Pfalz;12.939,00;0;15,5;111,2;34,6;2.062.567,00;76.356,77;1.354.127,00
DEC0;Saarland;3.229,00;8,7;16,1;41,3;34,7;986.887,00;34.618,32;692.544,00
DED4;Sachsen-Anhalt;7.053,00;8,5;8,6;78,1;37,2;2.194.782,00;64.157,41;1.358.449,00
DEF0;Schleswig-Holstein;11.099,00;10,3;12,6;148,5;35,2;2.903.773,00;99.612,05;1.872.080,00
DED5;Thüringen;5.161,00;9,4;6;82,8;36,9;2.133.378,00;63.191,95;1.329.323,00
DK01;Hovedstaden;702;0;14,2;118,8;33,5;1.846.023,00;128.114,79;926.024,00
DK02;Sjælland;351;0;21,9;49,8;33,8;837.359,00;30.979,16;460.966,00
DK03;Syddanmark;501;0;20,7;72,9;34;1.223.105,00;58.047,58;688.837,00
DK04;Midtjylland;603;0;18,8;99,2;33,3;1.326.340,00;66.398,49;738.432,00
DK05;Nordjylland;370;0;22,5;37,4;34,1;589.936,00;26.116,57;338.442,00
EE00;Eesti;1.409,00;0;10,7;41,8;38,2;1.328.976,00;27.429,98;949.326,00
EL30;Attiki;4.965,00;0;13,3;63,8;40,2;3.738.901,00;79.592,43;3.054.644,00
EL41;Voreio0,0Aigaio;127;0;22,2;3,5;42,6;229.516,00;2.249,70;60.110,00
EL42;Notio0,0Aigaio;325;0;29,2;5,2;46,4;347.512,00;4.938,05;122.053,00
EL43;Kriti;137;0;24,3;8,9;43,3;636.504,00;7.853,56;284.778,00
EL51;Anatoliki0,0Makedonia,0,0Thraki;297;0;32,1;7,8;41,8;598.613,00;6.399,10;218.617,00
EL52;Kentriki0,0Makedonia;1.564,00;0;20,1;21,1;41,5;1.872.102,00;22.741,52;784.454,00
EL53;Dytiki0,0Makedonia;47;0;26;2,8;42,6;264.670,00;3.403,32;100.776,00
EL54;Ipeiros;108;0;25;2,8;42,9;333.265,00;3.597,92;122.941,00
EL61;Thessalia;210;0;24,8;9,2;41;715.115,00;8.602,83;253.532,00
EL62;Ionia0,0Nisia;117;0;29,7;2,6;47,2;203.149,00;2.534,01;87.598,00
EL63;Dytiki0,0Elláda;440;0;33,6;7;42,2;651.065,00;7.319,77;189.531,00
EL64;Sterea0,0Elláda;413;0;27,8;4,2;43,6;556.002,00;8.284,54;132.990,00
EL65;Peloponnisos;333;0;27,6;4,6;44,3;572.151,00;7.499,00;107.045,00
ES11;Galicia;3.451,00;8;37,5;34,4;38,4;2.702.605,00;58.663,62;1.883.389,00
ES12;Principado0,0de0,0Asturias;1.552,00;8,5;31,1;11,2;37,7;1.018.053,00;21.319,67;631.332,00
ES13;Cantabria;830;14,7;32,3;6,9;37,3;583.011,00;12.852,74;380.052,00
ES21;País0,0Vasco;3.806,00;9,1;24,7;33,7;36,5;2.211.917,00;66.496,03;1.230.598,00
ES22;Comunidad0,0Foral0,0de0,0Navarra;576;9,6;28,8;13,1;37,4;659.907,00;18.937,18;427.209,00
ES23;La0,0Rioja;461;9;38;7;37,4;318.703,00;8.105,29;195.985,00
ES24;Aragón;1.679,00;10,1;32,5;30,6;38;1.330.592,00;35.521,47;796.238,00
ES30;Comunidad0,0de0,0Madrid;10.766,00;7,9;24,1;136,3;37,6;6.720.310,00;219.030,22;4.648.699,00
ES41;Castilla0,0y0,0León;2.595,00;11;37,4;38,4;37,6;2.398.976,00;54.836,73;1.666.046,00
ES42;Castilla-La0,0Mancha;1.946,00;7,4;47,3;37,8;37,9;2.047.969,00;39.346,16;1.445.289,00
ES43;Extremadura;1.029,00;8,8;52,3;17;37,3;1.064.970,00;18.840,74;771.152,00
ES51;Cataluña;17.779,00;9,9;36,2;195,1;37,3;7.720.323,00;212.611,53;4.412.644,00
ES52;Comunitat0,0Valenciana;5.684,00;6,8;37,7;102,5;37,5;5.046.482,00;104.753,97;3.164.808,00
ES53;Illes0,0Balears;2.092,00;8,6;37,1;23,7;37,8;1.176.816,00;26.198,08;888.406,00
ES61;Andalucía;12.792,00;7,1;46,7;127,3;37,3;8.461.039,00;148.779,63;5.224.330,00
ES62;Región0,0de0,0Murcia;2.048,00;8,4;45,9;35,3;37,7;1.509.077,00;29.775,65;975.128,00
ES63;Ciudad0,0de0,0Ceuta;172;6,7;49,2;1,2;37,3;84.502,00;1.654,81;50.128,00
ES64;Ciudad0,0de0,0Melilla;242;6,3;41,9;0;37,1;86.558,00;1.514,54;60.622,00
ES70;Canarias;3.459,00;11,8;39,5;31,5;37,5;2.176.240,00;38.630,10;1.579.595,00
FI19;Länsi-Suomi;1.000,00;0;8,2;63;36,7;1.378.652,00;52.638,99;1.207.987,00
FI1B;Helsinki-Uusimaa;881;0;9,4;76,9;36,8;1.689.725,00;94.188,33;1.092.711,00
FI1C;Etelä-Suomi;901;0;9,6;46,9;37,2;1.148.794,00;43.815,44;965.052,00
FI1D;Pohjois-0,0ja0,0Itä-Suomi;790;0;8,3;53,6;37,2;1.278.237,00;46.109,85;1.114.048,00
FI20;Åland;36;0;13,2;0;36,4;29.884,00;1.201,66;31.642,00
FR10;Ile0,0de0,0France;14.548,00;10,1;16,6;395,1;38,3;12.271.794,00;701.018,05;5.962.717,00
FRB0;Centre0,0—0,0Val0,0de0,0Loire;1.531,00;10;20,6;83,3;37,4;2.574.863,00;72.993,95;1.855.152,00
FRC1;Bourgogne;811;9,7;16,3;44,9;37,8;1.622.967,00;46.379,55;0,00
FRC2;Franche-Comté;494;9,8;16,8;45,2;37,6;1.178.728,00;30.809,35;0,00
FRD1;Basse-Normandie;955;9,1;21,5;54,8;37,9;1.471.115,00;39.617,02;0,00
FRD2;Haute-Normandie;974;9,3;20,9;69,2;38,1;1.854.407,00;53.090,38;0,00
FRE1;Nord-Pas0,0de0,0Calais;1.191,00;8,1;20,6;135,2;36,7;4.069.913,00;115.050,58;0,00
FRE2;Picardie;1.082,00;9;25,9;75,8;37,3;1.927.821,00;49.050,40;0,00
FRF1;Alsace;883;9,2;16,6;66,6;36,8;1.915.915,00;60.533,57;0,00
FRF2;Champagne-Ardenne;920;9;27;44,8;37;1.319.593,00;37.611,38;0,00
FRF3;Lorraine;984;8,6;21,1;74,7;36,7;2.327.143,00;58.545,38;0,00
FRG0;Pays0,0de0,0la0,0Loire;1.640,00;8,9;15,8;146,1;37,4;3.832.120,00;119.714,41;2.691.902,00
FRH0;Bretagne;2.078,00;9,6;14,4;113;38,1;3.373.835,00;99.689,49;2.434.369,00
FRI1;Aquitaine;2.431,00;9;17,4;132;37,4;3.485.404,00;105.379,46;0,00
FRI2;Limousin;524;9,2;16,8;19,1;37,8;727.308,00;19.130,62;0,00
FRI3;Poitou-Charentes;944;8,9;16,9;51,9;37,8;1.821.240,00;51.214,73;0,00
FRJ1;Languedoc-Roussillon;1.591,00;9,9;18,4;51,1;36,7;2.875.045,00;74.968,08;0,00
FRJ2;Midi-Pyrénées;1.554,00;9,4;13,5;128,1;36,7;3.098.924,00;94.831,73;0,00
FRK1;Auvergne;228;10,4;19,3;45,5;38,8;1.369.348,00;38.570,57;0,00
FRK2;Rhône-Alpes;4.961,00;9,3;16;246,8;37,3;6.709.304,00;232.974,98;0,00
FRL0;Provence-Alpes-Côte0,0d’Azur;4.408,00;10,1;19,2;137,2;37,5;5.098.666,00;162.514,13;3.466.742,00
FRM0;Corse;385;11;23,2;0;37;343.701,00;9.042,58;252.931,00
HR03;Jadranska0,0Hrvatska;2.988,00;8,6;9,4;33;39,5;1.317.600,00;15.170,21;719.355,00
HR04;Kontinentalna0,0Hrvatska0,0(NUTS0,02016);4.718,00;0;0;0;0;2.684.363,00;0;1.249.739,00
HU11;Budapest;2.955,00;0;6,6;36,4;39,3;1.717.144,00;51.003,83;793.950,00
HU12;Pest;1.512,00;0;10,8;35,2;39,7;1.287.734,00;14.716,48;681.531,00
HU21;Közép-Dunántúl;1.495,00;0;14,5;29;39,6;1.062.982,00;13.521,53;527.813,00
HU22;Nyugat-Dunántúl;1.410,00;0;11,5;24,8;39,4;977.086,00;13.279,55;505.097,00
HU23;Dél-Dunántúl;1.209,00;0;21,2;22,4;39,3;873.097,00;8.386,54;412.018,00
HU31;Észak-Magyarország;1.525,00;0;20,8;33,8;39,5;1.117.255,00;10.677,25;462.857,00
HU32;Észak-Alföld;2.053,00;0;20,4;40,9;39,4;1.430.692,00;13.440,00;597.564,00
HU33;Dél-Alföld;1.619,00;0;14,7;33,5;39,5;1.223.386,00;12.840,79;580.688,00
IE04;Northern0,0and0,0Western;790;5,2;14,9;37,4;36,5;883.740,00;29.585,29;508.713,00
IE05;Southern;1.384,00;5,2;15,9;76,9;36,4;1.661.545,00;133.954,97;981.772,00
IE06;Eastern0,0and0,0Midland;2.255,00;6,6;13,5;119;36,7;2.467.315,00;211.709,39;1.261.183,00
IS00;Ísland;727;0;21,8;26,4;38,6;364.134,00;0;315.294,00
ITC1;Piemonte;7.147,00;9,4;36,2;79,2;37,2;4.311.217,00;126.659,44;3.323.827,00
ITC2;Valle0,0d’Aosta/Vallée0,0d’Aoste;194;8,8;38,8;2,2;37,3;125.034,00;4.458,79;283.237,00
ITC3;Liguria;5.731,00;9,3;30,6;18,9;36,9;1.524.826,00;45.221,63;953.786,00
ITC4;Lombardia;19.964,00;9,1;35;202,1;37,5;10.027.602,00;372.986,08;6.991.477,00
ITF1;Abruzzo;2.205,00;7,9;32,1;17,6;37,1;1.293.941,00;30.577,05;1.033.592,00
ITF2;Molise;378;8,4;37,2;2,6;37,1;300.516,00;6.136,66;256.074,00
ITF3;Campania;7.088,00;7,5;46,6;68,1;36,6;5.712.143,00;102.700,77;3.995.958,00
ITF4;Puglia;7.265,00;7,6;48,6;57,9;36,9;3.953.305,00;72.545,20;2.723.480,00
ITF5;Basilicata;677;8,7;36,7;6,4;36,9;553.254,00;11.622,24;443.398,00
ITF6;Calabria;2.079,00;8,4;45,5;22,1;36,2;1.894.110,00;31.075,03;1.508.203,00
ITG1;Sicilia;8.053,00;8,5;47,9;51,4;35,5;4.875.290,00;84.022,86;3.830.174,00
ITG2;Sardegna;2.479,00;7,9;45,9;16,4;36,2;1.611.621,00;32.611,07;1.250.544,00
ITH1;Provincia0,0Autonoma0,0di0,0Bolzano/Bozen;1.239,00;7,6;29,5;21,2;38;532.644,00;23.946,18;539.867,00
ITH2;Provincia0,0Autonoma0,0di0,0Trento;880;9,8;29,9;14,5;36,3;545.425,00;20.150,28;819.553,00
ITH3;Veneto;9.839,00;8,8;34,3;103,9;37,6;4.879.133,00;152.345,49;3.638.746,00
ITH4;Friuli-Venezia0,0Giulia;2.344,00;7,9;28,8;23,3;37,3;1.206.216,00;36.648,71;910.236,00
ITH5;Emilia-Romagna;11.692,00;8,3;31,1;85,8;37,5;4.464.119,00;152.013,32;3.359.307,00
ITI1;Toscana;10.350,00;7,1;35,2;58,3;36,7;3.692.555,00;107.802,12;2.966.900,00
ITI2;Umbria;1.699,00;8;28,8;12,4;37,1;870.165,00;21.192,00;732.153,00
ITI3;Marche;3.695,00;8,3;34,8;23,3;36,8;1.512.672,00;39.603,40;1.188.258,00
ITI4;Lazio;13.300,00;8,7;28,9;78,2;36,4;5.755.700,00;185.933,50;4.231.620,00
LT01;Sostin?s0,0regionas;761;7,6;2,4;22,4;39,1;804.348,00;21.221,18;490.265,00
LT02;Vidurio0,0ir0,0vakar?0,0Lietuvos0,0regionas;2.065,00;7,8;5,6;60,3;39,1;2.005.629,00;28.651,99;1.230.951,00
LU00;Luxembourg;771;0;21,5;17,6;37,5;626.108,00;64.524,27;488.103,00
LV00;Latvija;3.403,00;0;8,3;50,6;38,8;1.907.675,00;30.066,61;841.958,00
MT00;Malta;1.004,00;0;40,5;25;39,8;514.855,00;13.337,82;366.549,00
NL11;Groningen;608;4,6;18,5;49,2;29,8;585.866,00;22.993,62;323.811,00
NL12;Friesland0,0(NL);390;4,2;20,7;49,6;30;649.957,00;21.178,60;394.081,00
NL13;Drenthe;425;4,3;20,8;35,3;29,7;493.682,00;15.438,33;309.575,00
NL21;Overijssel;873;4,2;20,1;92,3;30,3;1.162.406,00;45.282,34;674.749,00
NL22;Gelderland;1.265,00;4,4;20,1;167,7;30;2.085.952,00;81.930,70;1.199.645,00
NL23;Flevoland;253;4,1;20,3;33,1;31;423.021,00;14.523,53;412.382,00
NL31;Utrecht0,0(NUTS0,02021);1.206,00;4,6;13,7;93,4;30,7;1.319.231,00;77.049,11;817.745,00
NL32;Noord-Holland;3.162,00;4,4;16,4;201,8;30,7;2.879.527,00;169.827,28;1.392.240,00
NL33;Zuid-Holland0,0(NUTS0,02021);5.913,00;4,3;19,2;271,7;31,2;3.744.299,00;167.105,31;1.809.108,00
NL34;Zeeland;386;3,9;22,1;30,6;30,5;383.488,00;14.272,10;235.766,00
NL41;Noord-Brabant;1.766,00;4,5;19,4;219,7;30,8;2.562.955,00;120.838,58;1.609.996,00
NL42;Limburg0,0(NL);686;4,8;24,3;83,3;30,6;1.117.201,00;45.236,31;659.061,00
NO02;Innlandet;321;0;20,7;21,6;33,7;371.385,00;15.651,14;281.731,00
NO06;Trøndelag;295;0;13,9;34,4;33,5;468.702,00;23.454,06;285.433,00
NO07;Nord-Norge;330;0;19,7;31,7;33,8;484.546,00;23.006,83;311.760,00
NO08;Oslo0,0og0,0Viken;1.115,00;0;15,8;106,5;34,3;1.934.659,00;120.905,93;1.260.352,00
NO09;Agder0,0og0,0Sør-Østlandet;583;0;19,3;36,7;33,3;726.627,00;30.497,13;454.081,00
NO0A;Vestlandet;858;0;15,2;88,5;33,7;1.381.661,00;73.177,35;815.673,00
PL21;Ma?opolskie;2.265,00;0;6,2;102;39,8;3.371.956,00;42.643,08;2.122.098,00
PL22;?l?skie;2.383,00;0;4,3;112,5;39,9;4.475.460,00;61.430,55;2.786.582,00
PL41;Wielkopolskie;2.822,00;0;5,9;116,8;40,8;3.479.525,00;52.548,64;2.557.041,00
PL42;Zachodniopomorskie;927;0;9,1;36,9;40,3;1.671.605,00;19.422,45;1.049.992,00
PL43;Lubuskie;607;0;7,4;25;39,9;1.001.411,00;11.259,60;708.602,00
PL51;Dolno?l?skie;1.578,00;0;5,4;81,8;40;2.864.809,00;44.034,69;1.937.912,00
PL52;Opolskie;488;0;6,1;25,6;39,6;942.233,00;10.549,74;638.486,00
PL61;Kujawsko-pomorskie;827;0;9,6;56,8;40,7;2.050.976,00;23.057,86;1.306.728,00
PL62;Warmi?sko-mazurskie;1.040,00;0;13,5;31,5;40,8;1.399.038,00;13.656,20;835.314,00
PL63;Pomorskie;1.848,00;0;6,6;70,1;40,9;2.316.135,00;30.616,13;1.502.781,00
PL71;?ódzkie;2.436,00;0;7,8;68;40,3;2.442.685,00;32.511,90;1.662.116,00
PL72;?wi?tokrzyskie;831;0;6,6;28,2;40,9;1.218.743,00;12.147,31;781.519,00
PL81;Lubelskie;931;0;7,4;48;39,4;2.088.292,00;19.692,29;1.355.255,00
PL82;Podkarpackie;1.167,00;0;6,6;42;39,2;2.084.447,00;20.096,03;1.279.845,00
PL84;Podlaskie;430;0;9;30,3;41,6;1.149.389,00;11.837,86;685.262,00
PL91;Warszawski0,0sto?eczny;1.186,00;0;3,2;88,8;39,9;3.082.399,00;93.191,19;2.446.829,00
PL92;Mazowiecki0,0regionalny;1.774,00;0;9,1;65,2;41,6;2.319.035,00;27.451,67;1.682.071,00
PT11;Norte;9.678,00;0;52,1;106,5;39,9;3.600.042,00;60.578,91;0,00
PT15;Algarve;1.540,00;0;46;9,8;39,8;465.610,00;8.527,88;0,00
PT16;Centro0,0(PT)0,0(NUTS0,02021);6.495,00;0;48,2;42,6;39,6;2.229.958,00;38.529,71;0,00
PT17;Área0,0Metropolitana0,0de0,0Lisboa0,0(NUTS0,02021);6.923,00;0;32,1;73,7;39,7;2.884.800,00;71.642,26;0,00
PT18;Alentejo0,0(NUTS0,02021);1.865,00;0;49,4;13,9;40;707.159,00;12.476,53;0,00
PT20;Região0,0Autónoma0,0dos0,0Açores;501;0;63,7;7;38,8;237.113,00;4.163,07;0,00
PT30;Região0,0Autónoma0,0da0,0Madeira;723;0;54,6;0;37,8;250.713,00;4.449,63;0,00
RO11;Nord-Vest;2.636,00;7,7;18,2;55;40,1;2.547.429,00;27.311,08;1.129.040,00
RO12;Centru;2.554,00;8,4;19,9;41,6;40,3;2.314.826,00;25.089,95;999.406,00
RO21;Nord-Est;3.903,00;8,4;27,8;148,3;39,8;3.184.215,00;23.810,37;1.084.040,00
RO22;Sud-Est;2.823,00;8,3;25,2;63,5;40,4;2.377.101,00;21.210,58;971.292,00
RO31;Sud-Muntenia;3.522,00;8,6;22;87,5;39,1;2.901.376,00;24.864,52;1.107.993,00
RO32;Bucure?ti-Ilfov;3.201,00;6,5;9;34,6;40,1;2.322.002,00;60.999,88;1.636.706,00
RO41;Sud-Vest0,0Oltenia;2.431,00;7,9;19,4;49,3;39,5;1.910.409,00;16.740,10;784.358,00
RO42;Vest;1.736,00;8,6;12;22,1;40;1.771.480,00;20.305,30;805.331,00
SE11;Stockholm;2.620,00;0;11,4;95,9;36,7;2.377.081,00;153.963,04;1.107.374,00
SE12;Östra0,0Mellansverige;2.057,00;0;15,4;80,7;36,8;1.727.398,00;68.533,20;940.716,00
SE21;Småland0,0med0,0öarna;1.165,00;0;15,6;37,4;37,1;870.200,00;34.242,32;535.893,00
SE22;Sydsverige;2.493,00;0;14,9;70,8;36,4;1.537.433,00;62.462,41;844.360,00
SE23;Västsverige;1.858,00;0;12,9;95,1;36,8;2.059.729,00;91.160,23;1.109.379,00
SE31;Norra0,0Mellansverige;931;0;16,5;37,6;36,6;857.762,00;31.952,25;549.040,00
SE32;Mellersta0,0Norrland;510;0;12,5;14,9;37,1;376.157,00;14.679,32;243.235,00
SE33;Övre0,0Norrland;609;0;9,5;25,7;37;521.829,00;23.469,11;326.534,00
SI03;Vzhodna0,0Slovenija;2.554,00;6,9;10,8;28,1;39,6;1.100.012,00;20.410,70;687.078,00
SI04;Zahodna0,0Slovenija;2.222,00;7,1;8,6;25,2;39,6;995.849,00;26.634,23;624.527,00
SK01;Bratislavský0,0kraj;487;0;3,5;9,3;40,8;669.592,00;26.488,89;515.573,00
SK02;Západné0,0Slovensko;1.432,00;0;6,6;42,6;39,9;1.823.792,00;28.833,00;991.931,00
SK03;Stredné0,0Slovensko;1.162,00;0;6,8;33,1;40,2;1.336.785,00;18.192,02;631.344,00
SK04;Východné0,0Slovensko;1.221,00;0;10,3;40,8;39,5;1.627.704,00;19.930,18;672.594,00
